"id","extraversion","plasticity"
"id_001",3.8,3.4
"id_002",5,4.5
"id_003",4.2,4.5
"id_004",3.6,3.4
"id_005",4.8,4.2
"id_006",5.6,5.3
"id_007",4.2,4.8
"id_008",2.4,3.3
"id_009",NA,NA
"id_010",4.8,5
"id_011",4.2,4.5
"id_012",4.2,3.8
"id_013",3.4,4
"id_014",5,4.5
"id_015",4.2,4.3
"id_016",5.6,4.9
"id_017",5.2,5.2
"id_018",5.2,4.9
"id_019",5,4.5
"id_020",5.4,5
"id_021",4.4,4.2
"id_022",4.4,5
"id_023",4,4.7
"id_024",5.2,5.5
"id_025",5,5.2
"id_026",6,5.3
"id_027",4,4.8
"id_028",5.8,5.5
"id_029",5.2,4.6
"id_030",5.4,5.1
"id_031",3.2,3.5
"id_032",5,5
"id_033",1.2,3
"id_034",4.2,4.2
"id_035",3.6,4
"id_036",3,3.3
"id_037",1.8,2.9
"id_038",3.6,3.9
"id_039",5,5.5
"id_040",4.6,5.2
"id_041",3.8,3.9
"id_042",2.8,2.7
"id_043",3.8,4
"id_044",3,3.1
"id_045",4.8,5
"id_046",4,4.6
"id_047",3.4,3.5
"id_048",3.6,3.9
"id_049",3.4,3.7
"id_050",6,5.8
"id_051",4.6,4.7
"id_052",3.8,3.8
"id_053",5.4,4.9
"id_054",3.2,3.1
"id_055",5.4,5.1
"id_056",4.2,5
"id_057",3.2,3.9
"id_058",3.6,4
"id_059",2.8,3.3
"id_060",5,4.8
"id_061",3.2,3.1
"id_062",2.8,3.6
"id_063",5.8,5.1
"id_064",5.8,5.5
"id_065",3.6,4.4
"id_066",2.6,3.7
"id_067",2.4,3.6
"id_068",3.4,4.7
"id_069",4.6,4.6
"id_070",2.8,3.8
"id_071",4.4,4.7
"id_072",NA,NA
"id_073",4.8,4.4
"id_074",3.2,4.1
"id_075",4.6,4.8
"id_076",5.4,4.8
"id_077",5.8,5.4
"id_078",5.6,5.1
"id_079",3.6,3.3
"id_080",3.8,4
"id_081",3.6,4.5
"id_082",2.8,4.4
"id_083",3.4,4.5
"id_084",4.8,4.4
"id_085",3.8,4.3
"id_086",3.4,3.3
"id_087",3.8,3.7
"id_088",4.8,4.9
"id_089",5,4.6
"id_090",3.4,3.8
"id_091",4.8,5.1
"id_092",3.6,4.6
"id_093",3.6,3.2
"id_094",5.4,5.5
"id_095",3.8,3.4
"id_096",2.2,3.2
"id_097",1,3.1
"id_098",3.6,4.6
"id_099",3,3.7
"id_100",3.2,3.6
"id_101",4,4.8
"id_102",4.2,4.4
"id_103",3.6,4.6
"id_104",2.4,3
"id_105",1.4,2.6
"id_106",4,4.3
"id_107",3.6,4.6
"id_108",4.4,5
"id_109",4.8,4.9
"id_110",4.8,4.5
"id_111",4.4,4.9
"id_112",3,2.7
"id_113",4.2,4.5
"id_114",3.2,4.5
"id_115",5.8,5.6
"id_116",1.8,2.2
"id_117",4.8,5.1
"id_118",1.6,3.4
"id_119",5,5.2
"id_120",5.6,5.8
"id_121",5.6,5.3
"id_122",2,2.8
"id_123",5.4,5.5
"id_124",5,4.9
"id_125",3.4,4.4
"id_126",2.2,4
"id_127",4.8,4.6
"id_128",4.6,5
"id_129",2.6,3.8
"id_130",4.2,4.1
"id_131",4.4,4.5
"id_132",4.4,4.6
"id_133",NA,NA
"id_134",3.4,3.4
"id_135",4,4.3
"id_136",4,4.5
"id_137",6,5.3
"id_138",5,5.2
"id_139",5.2,5
"id_140",6,5.4
"id_141",1.4,2.4
"id_142",5.2,4.2
"id_143",5,4.7
"id_144",4.4,4.2
"id_145",4.4,4.8
"id_146",2.8,4.2
"id_147",5,5.2
"id_148",4,4.2
"id_149",5.2,5
"id_150",3.8,4.5
"id_151",3.6,4.4
"id_152",5.2,5.6
"id_153",4.2,4.4
"id_154",5.6,5.3
"id_155",3.8,4.2
"id_156",5,5
"id_157",5.4,5
"id_158",3.4,4.1
"id_159",3.4,4.6
"id_160",3.8,3.7
"id_161",4,4.2
"id_162",4.6,4.7
"id_163",4.4,4.2
"id_164",3,2.6
"id_165",5,4.5
"id_166",4.6,4.6
"id_167",5.8,5.5
"id_168",NA,NA
"id_169",4.8,5.2
"id_170",1.8,3.3
"id_171",3.8,3.7
"id_172",5,4.6
"id_173",5,4.7
"id_174",4.2,4.4
"id_175",5.4,5.4
"id_176",3,3.3
"id_177",3.8,4.8
"id_178",3,4
"id_179",3.8,3.8
"id_180",4.8,5.1
"id_181",3,4.5
"id_182",4.4,4.1
"id_183",2.8,3.2
"id_184",2.8,4
"id_185",3.2,4.6
"id_186",4.4,2.9
"id_187",4.6,5
"id_188",5.4,5.6
"id_189",3,3.5
"id_190",5.6,5.6
"id_191",3.6,4.3
"id_192",4.4,5
"id_193",3.4,3.8
"id_194",4.6,4.1
"id_195",3.4,3.9
"id_196",2,2.8
"id_197",5.6,4.9
"id_198",3.2,3.7
"id_199",5.4,5
"id_200",4.6,5
"id_201",4.2,4
"id_202",2.6,3.3
"id_203",4.2,3.7
"id_204",5.2,4.7
"id_205",4.4,4.6
"id_206",3.8,4.1
"id_207",3.2,3.5
"id_208",3,4.3
"id_209",5.4,4.8
"id_210",3.8,4.2
"id_211",5,5.3
"id_212",4.6,4.6
"id_213",3.6,3.9
"id_214",2.4,2.7
"id_215",NA,NA
"id_216",3.2,4.3
"id_217",5.8,5.2
"id_218",5.2,4.5
"id_219",4.8,4.7
"id_220",2.8,4.1
"id_221",4.4,NA
"id_222",2.8,3.4
"id_223",5.4,4.9
"id_224",4.6,4.8
"id_225",5.2,5.4
"id_226",4,4.4
"id_227",3.4,3.7
"id_228",3.4,NA
"id_229",4.8,4.7
"id_230",4.8,5.2
"id_231",4.4,4.2
"id_232",3,3.8
"id_233",4.8,4.9
"id_234",2.6,3.8
"id_235",5.4,5.3
"id_236",4.4,3.7
"id_237",4,4.4
"id_238",4.4,4.4
"id_239",2.8,3.8
"id_240",5,4.7
"id_241",5.4,5.5
"id_242",2.6,NA
"id_243",4.8,4.6
"id_244",4.6,4.6
"id_245",4.4,5
"id_246",4,3.9
"id_247",3,3.2
"id_248",4,3.4
"id_249",4.4,NA
"id_250",5,4.8
"id_251",4,4.1
"id_252",3.2,3.9
"id_253",5.8,5.3
"id_254",5,4.5
"id_255",5,4.4
"id_256",3.6,3.8
"id_257",5.2,4.7
"id_258",3.4,4.2
"id_259",4.8,4.7
"id_260",4,3.9
"id_261",3.6,4
"id_262",3.8,4.9
"id_263",6,4.9
"id_264",4.8,5.2
"id_265",5.8,4.5
"id_266",4.6,4
"id_267",3.6,3.6
"id_268",4.6,4.4
"id_269",4,4.3
"id_270",3.8,4
"id_271",4.8,4.3
"id_272",5.6,5.3
"id_273",6,5.7
"id_274",5.2,4.9
"id_275",5.8,5.4
"id_276",4.8,4.4
"id_277",5.4,5.3
"id_278",2.6,3.2
"id_279",5.2,5.5
"id_280",3.8,3.7
"id_281",3,3.7
"id_282",5.4,5.2
"id_283",3,3
"id_284",4.2,4.1
"id_285",3.6,3.6
"id_286",5.2,4.8
"id_287",3.2,4.2
"id_288",3.6,4.1
"id_289",6,6
"id_290",4.2,3.8
"id_291",3.6,3.3
"id_292",4.8,4.7
"id_293",NA,NA
"id_294",5.6,5.2
"id_295",5.6,5.6
"id_296",5.4,5
"id_297",5.2,4.6
"id_298",3.8,4.2
"id_299",2.8,3
"id_300",3.4,3.7
"id_301",4.6,5.3
"id_302",3.4,4.2
"id_303",2.4,2.9
"id_304",4.8,4.5
"id_305",4.8,5
"id_306",3.8,NA
"id_307",2.8,4
"id_308",3.8,3.8
"id_309",5.2,4.7
"id_310",5.8,NA
"id_311",4,NA
"id_312",3.8,4
"id_313",4.6,4.7
"id_314",5.8,5
"id_315",5.4,5.4
"id_316",3.8,4.5
"id_317",4.6,4.6
"id_318",3.2,4.1
"id_319",4.6,4.9
"id_320",4.8,4.5
"id_321",3.8,4.9
"id_322",5.6,5.1
"id_323",2.8,4.2
"id_324",3.4,3.4
"id_325",2.8,3.5
"id_326",5,5.4
"id_327",2.8,NA
"id_328",2,NA
"id_329",6,5.6
"id_330",3.4,4.5
"id_331",3.6,4.8
"id_332",4.8,4.9
"id_333",3.6,4.1
"id_334",5,5.4
"id_335",2.2,3
"id_336",3.4,NA
"id_337",5.6,5
"id_338",5.2,5.3
"id_339",2.8,3.2
"id_340",3,3.6
"id_341",3.4,3.4
"id_342",5,5.5
"id_343",2.8,2.9
"id_344",5.8,5.2
"id_345",5.6,5.5
"id_346",4.8,5
"id_347",2.8,3.7
"id_348",3.8,3.4
"id_349",5.2,5.2
"id_350",4,4
"id_351",4,4.5
"id_352",4.6,4.4
"id_353",4.4,5
"id_354",3.8,3.6
"id_355",5.4,5
"id_356",NA,NA
"id_357",3.6,3.7
"id_358",2.2,3.7
"id_359",3.2,4
"id_360",5.2,4.8
"id_361",4.6,4.5
"id_362",5.6,5.8
"id_363",4.8,5.3
"id_364",4.2,4.6
"id_365",3.4,3.9
"id_366",4.2,5
"id_367",4,4.2
"id_368",6,5.8
"id_369",1.6,3
"id_370",5.6,5.2
"id_371",2.6,3.6
"id_372",3.6,4.5
"id_373",6,6
"id_374",3.4,4.4
"id_375",4.6,4.6
"id_376",5.4,5.7
"id_377",4,4.7
"id_378",5.2,4.6
"id_379",1.6,3
"id_380",5.2,4.4
"id_381",5.6,5.7
"id_382",4.2,4.4
"id_383",4.8,4.8
"id_384",3,3.2
"id_385",4.4,4.5
"id_386",4.8,4.9
"id_387",3.8,4
"id_388",NA,NA
"id_389",4.2,4.9
"id_390",4.4,3.8
"id_391",4,4.7
"id_392",4.8,5.2
"id_393",3.2,3.5
"id_394",5.4,5.6
"id_395",4.4,4.6
"id_396",5.8,NA
"id_397",4.2,4
"id_398",4,3.8
"id_399",4.4,4
"id_400",5,4.8
"id_401",3.6,3.8
"id_402",3.8,4.5
"id_403",5,5.2
"id_404",4.2,4.3
"id_405",4.4,5.1
"id_406",3,4.3
"id_407",5.2,5.3
"id_408",4.8,5.1
"id_409",3.8,3.6
"id_410",1.8,2.2
"id_411",4.6,4.9
"id_412",4,3.3
"id_413",3.6,4.6
"id_414",2,3.9
"id_415",4.6,5.1
"id_416",4.6,4.3
"id_417",2.4,3
"id_418",4.2,4.2
"id_419",5.6,5
"id_420",3.6,4.7
"id_421",4.4,4.7
"id_422",5.6,4.8
"id_423",3.2,3.9
"id_424",4.4,4.5
"id_425",4.4,4.5
"id_426",5.8,5.8
"id_427",5.4,5.2
"id_428",5.8,5.5
"id_429",5.2,4.9
"id_430",3,3.9
"id_431",4.2,4.8
"id_432",4.2,4.8
"id_433",4.2,4.8
"id_434",4.2,4.8
"id_435",4,4.7
"id_436",4.4,4.9
"id_437",4.4,4.7
"id_438",4.4,3.8
"id_439",4.6,5.3
"id_440",4.8,5.4
"id_441",4,4.2
"id_442",2.6,4.1
"id_443",3.2,3.4
"id_444",3.8,3.9
"id_445",4.8,5
"id_446",3.6,3.6
"id_447",4.6,4.6
"id_448",4.2,4.4
"id_449",1.2,2.9
"id_450",5.2,5.5
"id_451",1.8,2.8
"id_452",5,NA
"id_453",5.6,5.6
"id_454",5,5
"id_455",5.6,4.9
"id_456",4,4
"id_457",6,6
"id_458",5,5.5
"id_459",1.4,3.6
"id_460",4.4,4.5
"id_461",4.2,4.1
"id_462",3,3.6
"id_463",4.8,5.1
"id_464",5.2,5.5
"id_465",4,4.3
"id_466",4.8,4.8
"id_467",6,5.1
"id_468",5.2,5.4
"id_469",1.8,2.7
"id_470",NA,NA
"id_471",4,4.5
"id_472",4.8,4.6
"id_473",4,3.9
"id_474",3.6,3.5
"id_475",3.4,3.6
"id_476",2.6,3.1
"id_477",4.8,4.7
"id_478",3.6,4.4
"id_479",5.2,4.1
"id_480",6,5.6
"id_481",5.6,5.7
"id_482",5.4,5.5
"id_483",2,2.3
"id_484",4,4.3
"id_485",5.6,5.5
"id_486",3,3.6
"id_487",4.6,4.6
"id_488",4,3.8
"id_489",4.8,5.2
"id_490",3.2,4
"id_491",5,4.9
"id_492",3.6,3.1
"id_493",3.8,4.2
"id_494",5.6,5.5
"id_495",3.2,3.5
"id_496",5.2,4.9
"id_497",4.8,5
"id_498",4.6,4.6
"id_499",5.2,4.8
"id_500",4.4,4.6
"id_501",5.2,4.7
"id_502",5,4.8
"id_503",5.2,4.8
"id_504",4.2,4.4
"id_505",4.6,4.6
"id_506",4.8,4.5
"id_507",4.4,4.4
"id_508",5.2,4.3
"id_509",4.4,5
"id_510",4.4,4
"id_511",4.6,4.4
"id_512",5.4,4.8
"id_513",5.8,5.5
"id_514",4.8,5
"id_515",2.6,3.3
"id_516",4.6,4.6
"id_517",4.2,4.2
"id_518",3.8,4.5
"id_519",5.8,5.8
"id_520",5.4,4.8
"id_521",4.2,4.2
"id_522",4,4.5
"id_523",NA,NA
"id_524",5.6,4.5
"id_525",NA,NA
"id_526",6,5.5
"id_527",4.6,4.8
"id_528",5.8,5.9
"id_529",3.4,3.5
"id_530",4.2,4.6
"id_531",3.6,4.3
"id_532",5,4.5
"id_533",4.2,4.8
"id_534",4.2,3.9
"id_535",1.6,3.4
"id_536",5.2,4.2
"id_537",2.4,3.8
"id_538",4,4.6
"id_539",NA,NA
"id_540",4.4,4.4
"id_541",3.6,3.8
"id_542",4.6,5.1
"id_543",3.8,3.6
"id_544",4.4,4.6
"id_545",4.4,4.2
"id_546",2.6,3.2
"id_547",4.2,4.1
"id_548",5.6,5.3
"id_549",5.4,5.4
"id_550",4.4,4.5
"id_551",3.4,3.7
"id_552",2.8,3.5
"id_553",5,4.1
"id_554",5.6,4.8
"id_555",4,3.6
"id_556",5.4,4.9
"id_557",4.6,4.7
"id_558",5.6,5.1
"id_559",3.8,3.9
"id_560",5,5.3
"id_561",4.2,4.1
"id_562",3.8,3.8
"id_563",5,4.9
"id_564",5.2,5.4
"id_565",3.4,3.3
"id_566",5.4,5.1
"id_567",5,5.1
"id_568",5.4,4.8
"id_569",4,3.5
"id_570",3.8,3
"id_571",2.6,2.9
"id_572",6,4.7
"id_573",5.6,5.6
"id_574",3,3.5
"id_575",3.8,3.9
"id_576",5.8,5.7
"id_577",4.6,5
"id_578",2.4,2.2
"id_579",5.6,4.9
"id_580",4.4,4.4
"id_581",3.6,3.1
"id_582",3.8,3.9
"id_583",5.2,5.4
"id_584",4.8,4.5
"id_585",3,3.6
"id_586",4.8,4.2
"id_587",4.2,4
"id_588",5.4,5
"id_589",4.4,3.8
"id_590",5.6,4.7
"id_591",3.6,4.3
"id_592",4.4,4.2
"id_593",4.8,5.3
"id_594",5,4.4
"id_595",4.8,5.1
"id_596",4.4,4.2
"id_597",3.8,3.9
"id_598",5.8,5.1
"id_599",4.4,4.4
"id_600",5.8,4.3
"id_601",3.8,4.6
"id_602",5.2,4.4
"id_603",3.6,3.5
"id_604",5.6,4.8
"id_605",5.4,5.5
"id_606",5.6,5.4
"id_607",3.8,3.5
"id_608",4,4.5
"id_609",2.6,3.1
"id_610",4.2,4.9
"id_611",4.2,4.9
"id_612",6,5.3
"id_613",3,NA
"id_614",3.8,NA
"id_615",4,4.3
"id_616",4,5
"id_617",4,4.7
"id_618",3.6,3.9
"id_619",5.2,4.4
"id_620",4.2,4.5
"id_621",4.2,4.8
"id_622",4.4,5.2
"id_623",3.6,4.3
"id_624",6,5.6
"id_625",4,NA
"id_626",3,3.4
"id_627",NA,NA
"id_628",2,2.4
"id_629",4.6,4.6
"id_630",3.8,3.5
"id_631",5,5.3
"id_632",3.8,4
"id_633",3.6,4.6
"id_634",4.2,4
"id_635",2.4,3.9
"id_636",3.8,3.9
"id_637",3.4,3.3
"id_638",2.8,3.4
"id_639",3,3.4
"id_640",6,5.6
"id_641",4.2,4.7
"id_642",3.8,4.4
"id_643",4,4.2
"id_644",4.8,4.6
"id_645",5.8,NA
"id_646",4.2,4
"id_647",3.6,4.5
"id_648",3,4
"id_649",2.6,3.7
"id_650",5,4.9
"id_651",5.2,4.9
"id_652",2.4,4.2
"id_653",3,3.7
"id_654",4.8,4.7
"id_655",5.6,NA
"id_656",4.4,4.6
"id_657",3.6,4.5
"id_658",3.8,4.4
"id_659",3.2,3.6
"id_660",4.2,4.1
"id_661",2,4
"id_662",3.6,3.5
"id_663",5.2,4.7
"id_664",3.4,4.1
"id_665",4.8,4.6
"id_666",5.8,4.4
"id_667",3.4,3
"id_668",5.2,4.7
"id_669",4,3.7
"id_670",5,4.5
"id_671",4.8,5.1
"id_672",3.8,4.7
"id_673",4,4.6
"id_674",2.6,3.5
"id_675",4,4.1
"id_676",NA,NA
"id_677",4.2,NA
"id_678",4,4.4
"id_679",4.8,5
"id_680",2.2,3.4
"id_681",4.4,5.1
"id_682",4.6,4.5
"id_683",3,3.4
"id_684",6,5.8
"id_685",3.8,4.1
"id_686",5,4.8
"id_687",5.8,5.7
"id_688",4,4
"id_689",5.6,5.4
"id_690",NA,NA
"id_691",4.2,4.7
"id_692",6,5.8
"id_693",3,3.5
"id_694",3.6,4.5
"id_695",3.4,4
"id_696",1.8,3.3
"id_697",4.6,5
"id_698",4.4,5.1
"id_699",3.8,3.9
"id_700",2.6,3.4
"id_701",5.2,4.7
"id_702",3.8,3.7
"id_703",5.2,5.1
"id_704",5,5.2
"id_705",4.8,4.9
"id_706",3.2,4.3
"id_707",3,4
"id_708",4.8,4.9
"id_709",4.8,4.4
"id_710",5,4.2
"id_711",3.6,3.7
"id_712",4.6,4
"id_713",3.8,4.5
"id_714",3.8,3.6
"id_715",4,3.8
"id_716",4.6,4.8
"id_717",4.6,4.7
"id_718",2.8,3.7
"id_719",5.6,4.9
"id_720",2.6,3.6
"id_721",4.6,4
"id_722",3.4,4.1
"id_723",4.4,4.9
"id_724",2.4,3.1
"id_725",3.2,3.6
"id_726",5.2,5
"id_727",5.8,5.1
"id_728",5.2,5.1
"id_729",4.6,4.2
"id_730",3.6,4.1
"id_731",5.2,4.9
"id_732",4.2,4.5
"id_733",5.6,5.2
"id_734",5.8,5.8
"id_735",5.4,5.3
"id_736",2.2,3.7
"id_737",5.4,4.7
"id_738",3.6,4.4
"id_739",3,4.5
"id_740",3.8,4.6
"id_741",5.4,5.6
"id_742",4,4.1
"id_743",3.2,3.9
"id_744",5.2,4.8
"id_745",5.2,5.2
"id_746",4.8,4.5
"id_747",4.2,3.8
"id_748",4.8,4.4
"id_749",5,4.5
"id_750",4.6,4.3
"id_751",3.2,3.5
"id_752",5.4,5
"id_753",3.8,4.3
"id_754",4.8,4.5
"id_755",2.8,3.7
"id_756",5.2,4.8
"id_757",3.8,3.6
"id_758",NA,NA
"id_759",4.2,4.3
"id_760",4.6,5
"id_761",4.4,4.4
"id_762",3.8,3.7
"id_763",4,4
"id_764",4.8,5
"id_765",2.8,4
"id_766",5.6,5.3
"id_767",4,4.6
"id_768",5.8,5.8
"id_769",3.6,3.3
"id_770",4.2,4.8
"id_771",5.2,5.6
"id_772",4.2,4.2
"id_773",4,4.7
"id_774",2.4,3.4
"id_775",NA,NA
"id_776",4.2,4.8
"id_777",4.8,4.4
"id_778",2.4,3.4
"id_779",3.4,3.3
"id_780",5,5.1
"id_781",3.8,3.6
"id_782",5.4,5.7
"id_783",4,4.5
"id_784",4.6,4.4
"id_785",4.6,5.2
"id_786",1.4,2.8
"id_787",4.8,4.5
"id_788",4.4,4.6
"id_789",5,4.5
"id_790",5.4,4.6
"id_791",3.6,4
"id_792",3.2,3.7
"id_793",4.6,4.9
"id_794",5.4,4.8
"id_795",4.8,5
"id_796",4.4,5
"id_797",4.8,4.4
"id_798",4.6,5.3
"id_799",2.2,1.7
"id_800",3.4,4.4
"id_801",4.8,5
"id_802",3.8,3.8
"id_803",5.4,4.7
"id_804",3.6,4.8
"id_805",5.8,5.5
"id_806",5,NA
"id_807",5.8,5.4
"id_808",4.8,4.8
"id_809",5,5.4
"id_810",5.6,4.7
"id_811",5.4,5
"id_812",5.4,5
"id_813",4.8,4.8
"id_814",4.6,4.9
"id_815",3,2.9
"id_816",3.6,4.1
"id_817",5,4.6
"id_818",4.8,4.4
"id_819",4.8,4.8
"id_820",4.2,4.5
"id_821",3.8,4.7
"id_822",5.2,5
"id_823",6,6
"id_824",5.4,5
"id_825",4,3.8
"id_826",5.6,5.3
"id_827",NA,NA
"id_828",3.8,4.6
"id_829",3.8,3.2
"id_830",4.8,5
"id_831",4.4,3.8
"id_832",4.8,4
"id_833",3.8,4.2
"id_834",4,NA
"id_835",4.4,4.6
"id_836",5.4,5
"id_837",5.6,5.2
"id_838",4.8,5
"id_839",4.6,3.3
"id_840",3.6,3.8
"id_841",5,4.5
"id_842",4.8,4.4
"id_843",4.4,5.1
"id_844",4.2,4.8
"id_845",4.2,NA
"id_846",3,3.8
"id_847",4.6,4.2
"id_848",4.6,NA
"id_849",4.8,4.9
"id_850",4.2,4.6
"id_851",3.2,3.2
"id_852",4.6,4.3
"id_853",4,4.2
"id_854",NA,NA
"id_855",3,3.8
"id_856",4.6,4.3
"id_857",2.6,3.5
"id_858",5,5.1
"id_859",5.2,4.9
"id_860",4,4
"id_861",2.8,2.6
"id_862",5,5.3
"id_863",4.8,3.9
"id_864",4.4,4.2
"id_865",4.4,5.1
"id_866",5.6,5.2
"id_867",3,3.5
"id_868",3.8,4.9
"id_869",5.2,4.6
"id_870",4.2,4.4
"id_871",1.8,3.2
"id_872",4.2,4.2
"id_873",5,5.1
"id_874",4.8,5.3
"id_875",3.2,4.1
"id_876",2.4,3.4
"id_877",5.2,5.3
"id_878",4.4,4
"id_879",5,4.4
"id_880",2.4,2.9
"id_881",2.6,4
"id_882",5.2,4.5
"id_883",3.2,4.2
"id_884",4.8,4.6
"id_885",3.2,3.5
"id_886",4.4,4.2
"id_887",1.8,2.5
"id_888",5.4,4.6
"id_889",3.6,4.2
"id_890",4,4.1
"id_891",2.2,3.3
"id_892",3.4,4.5
"id_893",4.6,5.1
"id_894",3.4,4.4
"id_895",5,5
"id_896",2.6,3.4
"id_897",1.2,2.4
"id_898",5,5.3
"id_899",5.6,4.8
"id_900",3.2,4.4
"id_901",NA,NA
"id_902",NA,NA
"id_903",4.6,NA
"id_904",3.4,4.3
"id_905",3.6,3.4
"id_906",3.6,4.2
"id_907",5.2,4.3
"id_908",4,4.3
"id_909",4.6,4.4
"id_910",5.6,5.7
"id_911",5.4,4.5
"id_912",4.6,5.2
"id_913",1.6,3.6
"id_914",3.2,3.4
"id_915",3.6,4.5
"id_916",3.6,4.4
"id_917",5.2,5.6
"id_918",4.8,4.8
"id_919",5,4.4
"id_920",5.4,5.7
"id_921",3.6,4
"id_922",3.4,4.5
"id_923",4.2,3.7
"id_924",4.2,5
"id_925",5.2,5
"id_926",4.6,4.7
"id_927",5,4.6
"id_928",5.8,5.3
"id_929",3,2.8
"id_930",2.6,4.2
"id_931",2.8,3.1
"id_932",3.4,3.7
"id_933",5.2,4.7
"id_934",4.4,3.3
"id_935",3.4,3.7
"id_936",5.8,5.5
"id_937",NA,NA
"id_938",5,3.9
"id_939",5.2,5.1
"id_940",1.2,2.1
"id_941",2,2.9
"id_942",3.6,4.1
"id_943",4.4,4.7
"id_944",4.8,5.3
"id_945",5.2,4.5
"id_946",3.6,3.7
"id_947",3.4,3.7
"id_948",5.6,5.1
"id_949",4,4
"id_950",3,4.2
"id_951",4.6,4.3
"id_952",4.4,3.6
"id_953",4.2,4.4
"id_954",3.2,3.8
"id_955",5,4.9
"id_956",4,3.9
"id_957",3.4,4.3
"id_958",3.2,3.2
"id_959",2.8,3.8
"id_960",4.6,4.5
"id_961",4.4,5
"id_962",4.2,4.4
"id_963",2.6,4.3
"id_964",4.2,4.2
"id_965",4.6,5
"id_966",4.2,4.6
"id_967",3.2,4.2
"id_968",4.6,4.6
"id_969",5,4.9
"id_970",4,4.3
"id_971",4.4,4.5
"id_972",4.8,4.3
"id_973",5,4.9
"id_974",3.4,3.3
"id_975",4.6,4.4
"id_976",5,NA
"id_977",1.6,2.2
"id_978",3.6,4.6
"id_979",2.6,3.7
"id_980",4.8,4.2
"id_981",4.4,4.5
"id_982",5.4,5.7
"id_983",4.2,4.7
"id_984",3.8,4
"id_985",5.6,5.2
"id_986",3.4,3.6
"id_987",3.2,3.9
"id_988",4.2,4.1
"id_989",5.2,5.2
"id_990",5,5
"id_991",3.2,3.8
"id_992",2.6,3.9
"id_993",4.8,5.1
"id_994",5,4.7
"id_995",5,4.9
"id_996",4.8,5.2
"id_997",4.2,4.3
"id_998",4.6,4.9
"id_999",4,4.4
"id_1000",3.2,4.1
"id_1001",NA,NA
"id_1002",3,3.7
"id_1003",4,3.9
"id_1004",3.4,3.2
"id_1005",4,4.5
"id_1006",3.6,4.5
"id_1007",3.2,4.1
"id_1008",5,4.9
"id_1009",5.4,5.2
"id_1010",4.4,4.2
"id_1011",5.2,5.2
"id_1012",4.8,4.9
"id_1013",2.8,4.2
"id_1014",5.2,4.5
"id_1015",2.6,3.7
"id_1016",5.4,5.5
"id_1017",3,3.4
"id_1018",4.6,4.8
"id_1019",4.8,4.1
"id_1020",4.8,4.2
"id_1021",4.8,4.4
"id_1022",4.4,4.2
"id_1023",5,5.2
"id_1024",3.4,3.5
"id_1025",4.8,4.7
"id_1026",5.4,4.7
"id_1027",4,4.1
"id_1028",3.8,4.6
"id_1029",4,4.2
"id_1030",NA,NA
"id_1031",5.2,5.6
"id_1032",3,3.1
"id_1033",5.6,5.2
"id_1034",1.8,3
"id_1035",2,2.7
"id_1036",3.2,4.1
"id_1037",4.8,4
"id_1038",5.2,5.2
"id_1039",5,5
"id_1040",1.4,2.2
"id_1041",3.8,4
"id_1042",3.2,3.9
"id_1043",3.8,4.3
"id_1044",5.4,5.6
"id_1045",3.6,NA
"id_1046",3.4,3.4
"id_1047",5.6,5.2
"id_1048",2.6,3.5
"id_1049",4.4,4.8
"id_1050",4,4.7
"id_1051",6,5.8
"id_1052",3,4.3
"id_1053",5.4,4.8
"id_1054",NA,NA
"id_1055",6,5.7
"id_1056",4.6,4.8
"id_1057",5.6,5.6
"id_1058",1.6,3.1
"id_1059",3.6,3.9
"id_1060",NA,NA
"id_1061",2.6,3.7
"id_1062",3.2,3.9
"id_1063",3.6,4.5
"id_1064",4,4.5
"id_1065",3.4,4.4
"id_1066",4.6,5
"id_1067",2.8,4.3
"id_1068",2.4,3.5
"id_1069",3.2,4.2
"id_1070",5,4.7
"id_1071",5,5.1
"id_1072",3.8,4.2
"id_1073",3.8,4.4
"id_1074",4.2,3.5
"id_1075",4.8,4.9
"id_1076",3.2,3.9
"id_1077",3.6,4.8
"id_1078",4.2,4.6
"id_1079",3.8,4.3
"id_1080",4.4,4.7
"id_1081",4.2,5
"id_1082",3.6,3.7
"id_1083",4.8,4.7
"id_1084",5.4,4.6
"id_1085",5.4,5.7
"id_1086",5.4,5.1
"id_1087",5.6,4.5
"id_1088",2.8,3.3
"id_1089",5,4.1
"id_1090",3.2,4.2
"id_1091",3.8,4.2
"id_1092",6,5.6
"id_1093",2.6,4
"id_1094",2.6,3.8
"id_1095",5.2,5.4
"id_1096",3,3.7
"id_1097",5.4,5.4
"id_1098",3.4,4.4
"id_1099",4.2,4.8
"id_1100",5.6,5
"id_1101",2.8,3.2
"id_1102",5,5.5
"id_1103",1,2.6
"id_1104",4,4.2
"id_1105",3.8,4.5
"id_1106",3.4,4.4
"id_1107",5.8,5.8
"id_1108",2.6,3.2
"id_1109",3.6,4.7
"id_1110",5.2,5.4
"id_1111",3,3.8
"id_1112",5.4,5.5
"id_1113",4,3.9
"id_1114",2.2,3.8
"id_1115",2.8,2.7
"id_1116",2.8,3
"id_1117",1.2,2.7
"id_1118",4.2,5
"id_1119",4,4.2
"id_1120",NA,NA
"id_1121",4.6,4.9
"id_1122",NA,NA
"id_1123",3.8,4.7
"id_1124",3.8,4.3
"id_1125",3,3.9
"id_1126",3.6,4.2
"id_1127",6,6
"id_1128",5.2,5.2
"id_1129",4.6,4.6
"id_1130",4.6,3.7
"id_1131",4.2,4.4
"id_1132",3.8,3.3
"id_1133",4,4.3
"id_1134",5.4,5.6
"id_1135",5.4,5.6
"id_1136",3,4
"id_1137",3.8,4.1
"id_1138",4.4,4.3
"id_1139",5,5.1
"id_1140",6,5.9
"id_1141",3.4,4.1
"id_1142",4.4,NA
"id_1143",1,3
"id_1144",4.6,4.1
"id_1145",3.4,NA
"id_1146",3.4,3.9
"id_1147",4.6,4.4
"id_1148",2.6,3.1
"id_1149",3,3.6
"id_1150",4,4.9
"id_1151",1.4,3.2
"id_1152",3,3.1
"id_1153",5.4,5.4
"id_1154",5,5.1
"id_1155",5.6,5.2
"id_1156",4.2,3.9
"id_1157",5.6,4.9
"id_1158",3,3.7
"id_1159",5,4.7
"id_1160",3.2,4.5
"id_1161",4.8,4.8
"id_1162",1.8,3.7
"id_1163",3.8,4.2
"id_1164",5.8,NA
"id_1165",4.8,4.9
"id_1166",4.8,5.2
"id_1167",NA,NA
"id_1168",5,4.8
"id_1169",3.8,4.5
"id_1170",4.8,4.4
"id_1171",3.4,4
"id_1172",5.8,5.7
"id_1173",4.8,4.9
"id_1174",3.8,4
"id_1175",3.4,4.1
"id_1176",3.8,4.3
"id_1177",5.6,5.2
"id_1178",5.6,5.5
"id_1179",3.6,4.2
"id_1180",4.2,4.9
"id_1181",4.2,3.8
"id_1182",5,4.9
"id_1183",5.6,5.4
"id_1184",5,4.5
"id_1185",1.2,3
"id_1186",3.8,4
"id_1187",3.4,4.5
"id_1188",3.4,3.8
"id_1189",3.8,4.2
"id_1190",4,4.4
"id_1191",4.8,5
"id_1192",4,4.3
"id_1193",4.8,4.8
"id_1194",4.6,4.9
"id_1195",4.8,5.1
"id_1196",1,2.6
"id_1197",5,5.2
"id_1198",4,3.8
"id_1199",3.6,3.7
"id_1200",4.4,4.1
"id_1201",4.8,4.9
"id_1202",4.2,4.7
"id_1203",4.4,4.6
"id_1204",4.4,5.1
"id_1205",2.2,2.6
"id_1206",5.2,5.4
"id_1207",4,4.2
"id_1208",5.6,4.8
"id_1209",1.4,2.6
"id_1210",5.6,5.7
"id_1211",4.2,4.3
"id_1212",4,4.2
"id_1213",3.4,4.2
"id_1214",5.2,5.4
"id_1215",5.2,5
"id_1216",5.8,5.4
"id_1217",2.4,4
"id_1218",2.6,3.6
"id_1219",4.2,4.7
"id_1220",2.8,3.5
"id_1221",NA,NA
"id_1222",5.2,5
"id_1223",3.8,4.5
"id_1224",4.4,4
"id_1225",4.8,4.7
"id_1226",5.8,5.1
"id_1227",4.4,4.3
"id_1228",1.8,2.5
"id_1229",4,5
"id_1230",2.8,3.9
"id_1231",4.4,4.4
"id_1232",4.6,4.4
"id_1233",4.2,4.8
"id_1234",2.4,3.4
"id_1235",4,4.8
"id_1236",NA,NA
"id_1237",5.2,5.1
"id_1238",5,5.4
"id_1239",2.4,3.2
"id_1240",5.4,5.3
"id_1241",3.6,NA
"id_1242",3.2,4.4
"id_1243",2,NA
"id_1244",4.4,4.8
"id_1245",4.6,5
"id_1246",2.6,3.2
"id_1247",4.6,4.6
"id_1248",5.6,5
"id_1249",4.6,4.9
"id_1250",6,5.4
"id_1251",3.8,NA
"id_1252",2.6,3.3
"id_1253",3,4.2
"id_1254",4,4.1
"id_1255",4.6,4.9
"id_1256",4,4.2
"id_1257",5.6,4.5
"id_1258",5.4,NA
"id_1259",4.4,4.1
"id_1260",5,5.3
"id_1261",4.4,4.8
"id_1262",3.6,3.7
"id_1263",4,3.8
"id_1264",4.6,4.3
"id_1265",4.4,4
"id_1266",5.2,5.1
"id_1267",4.4,5.2
"id_1268",4.4,5.1
"id_1269",3.8,3.8
"id_1270",4.8,4.9
"id_1271",3.6,3.7
"id_1272",4.4,4.1
"id_1273",3.8,4.3
"id_1274",4.8,4.7
"id_1275",NA,NA
"id_1276",4.8,5.1
"id_1277",4.4,5.1
"id_1278",5.2,4.8
"id_1279",4.2,4.7
"id_1280",5.4,4.8
"id_1281",2,2.5
"id_1282",4,4.2
"id_1283",2,3.1
"id_1284",4.6,4.4
"id_1285",4.4,3.9
"id_1286",1.8,2.8
"id_1287",3.8,4.2
"id_1288",3.4,4
"id_1289",4.8,4.1
"id_1290",4.2,4.2
"id_1291",3.8,4.3
"id_1292",4.6,4.4
"id_1293",3.8,4
"id_1294",5.2,4.3
"id_1295",2,3.1
"id_1296",2.2,2.8
"id_1297",4.6,4.4
"id_1298",4.2,4.4
"id_1299",1.4,3.4
"id_1300",4,4
"id_1301",3.4,3.6
"id_1302",3.2,4.2
"id_1303",5.4,4.8
"id_1304",2.2,2.8
"id_1305",4.4,4.9
"id_1306",4.6,4.9
"id_1307",4,4.5
"id_1308",2.6,4.2
"id_1309",1.2,1.8
"id_1310",4,4.2
"id_1311",4,4
"id_1312",4.6,5.1
"id_1313",5,5.3
"id_1314",4,4.4
"id_1315",6,5.6
"id_1316",4.8,4.7
"id_1317",4.6,4.8
"id_1318",4,4.5
"id_1319",4.4,NA
"id_1320",4.4,4.2
"id_1321",5.4,5.7
"id_1322",5,4.5
"id_1323",4.2,4.7
"id_1324",3.8,4.3
"id_1325",4.6,4.1
"id_1326",2.8,3.7
"id_1327",4.8,4.6
"id_1328",3.4,3.5
"id_1329",4.6,4.8
"id_1330",4,3.7
"id_1331",4.6,4.7
"id_1332",4.8,3.9
"id_1333",1.6,2.9
"id_1334",3.2,3.7
"id_1335",4.2,4.2
"id_1336",4,4
"id_1337",5.2,5.6
"id_1338",3,3.1
"id_1339",4.8,4.9
"id_1340",4.2,4.4
"id_1341",5.2,5.2
"id_1342",3.6,3.3
"id_1343",4.2,4.6
"id_1344",5.2,4.8
"id_1345",NA,NA
"id_1346",5,4.7
"id_1347",6,5.7
"id_1348",4.6,5
"id_1349",2.6,3.4
"id_1350",5.4,5
"id_1351",6,6
"id_1352",3.8,4
"id_1353",3.8,4.3
"id_1354",5.4,4.8
"id_1355",NA,NA
"id_1356",4.8,5
"id_1357",2.6,4.1
"id_1358",2,3.7
"id_1359",2,3.5
"id_1360",3,4.1
"id_1361",4.4,4.4
"id_1362",2.2,3.5
"id_1363",3.8,4.1
"id_1364",5.2,5
"id_1365",3.6,3.9
"id_1366",2,3.7
"id_1367",5,5.2
"id_1368",4.4,4.2
"id_1369",4.4,4.7
"id_1370",4.8,4.6
"id_1371",3.8,4.2
"id_1372",3.8,4.7
"id_1373",4.4,4
"id_1374",5.2,4.6
"id_1375",5.6,5.6
"id_1376",3.4,3.6
"id_1377",4.2,4.4
"id_1378",4.6,4.3
"id_1379",4,4.5
"id_1380",5.6,4.9
"id_1381",6,5.4
"id_1382",4.8,5
"id_1383",2.8,3.8
"id_1384",1.4,2.9
"id_1385",5,4.9
"id_1386",3.8,NA
"id_1387",5.2,4.9
"id_1388",3.6,3.6
"id_1389",5.8,5.8
"id_1390",4.2,4.8
"id_1391",3.8,3.3
"id_1392",3.6,3.5
"id_1393",4.4,4.4
"id_1394",4.4,4.5
"id_1395",3.6,3.9
"id_1396",3.6,3.9
"id_1397",4.2,4.7
"id_1398",NA,NA
"id_1399",3.6,4.3
"id_1400",3.6,4.5
"id_1401",4,4.2
"id_1402",1.8,3.1
"id_1403",4,4.3
"id_1404",4.4,4.8
"id_1405",5.4,4.7
"id_1406",2.6,3.8
"id_1407",5.4,5.1
"id_1408",2.8,3.8
"id_1409",4,4.1
"id_1410",2.8,3.5
"id_1411",5.4,4.7
"id_1412",3.6,4.2
"id_1413",4.2,5.1
"id_1414",5.2,5.4
"id_1415",4.8,4.4
"id_1416",5,5.3
"id_1417",3.8,4.4
"id_1418",4.8,5
"id_1419",4.8,4.6
"id_1420",4.2,3.6
"id_1421",3.2,3.8
"id_1422",4.8,5.1
"id_1423",4.4,4.6
"id_1424",3.6,4
"id_1425",4.8,4.7
"id_1426",2.2,2.7
"id_1427",4,4.1
"id_1428",1.8,2.8
"id_1429",3.8,3.8
"id_1430",3,3
"id_1431",5.2,5.4
"id_1432",5.8,5.9
"id_1433",5,5.1
"id_1434",2,3.3
"id_1435",3.4,3.5
"id_1436",3.2,4.5
"id_1437",2,3.5
"id_1438",5.2,5.1
"id_1439",1.4,3.3
"id_1440",1.8,2.8
"id_1441",2.8,4.1
"id_1442",4.4,3.9
"id_1443",1.6,2.8
"id_1444",2.4,3.5
"id_1445",4.4,4.7
"id_1446",3.4,4.2
"id_1447",5,4.6
"id_1448",5.2,5.6
"id_1449",5.2,5.4
"id_1450",1.6,2.5
"id_1451",2.4,3.8
"id_1452",1.4,2.2
"id_1453",3,3.2
"id_1454",3.6,3.8
"id_1455",2.2,2.6
"id_1456",5.8,5.7
"id_1457",3.6,4.4
"id_1458",3.2,4
"id_1459",2.2,3.9
"id_1460",5,4.2
"id_1461",2.6,3.5
"id_1462",4.6,4.5
"id_1463",NA,NA
"id_1464",4.6,5
"id_1465",2.6,2.4
"id_1466",5,5
"id_1467",4.2,4.4
"id_1468",2.8,3.4
"id_1469",3.6,3.7
"id_1470",4.2,4
"id_1471",5.4,NA
"id_1472",5.2,5.2
"id_1473",3.6,4.8
"id_1474",NA,NA
"id_1475",2.8,3.5
"id_1476",2,3.1
"id_1477",5.2,4.6
"id_1478",5.2,4.8
"id_1479",3.6,4.2
"id_1480",1.8,3
"id_1481",5,4.4
"id_1482",2.6,3.4
"id_1483",2.8,3.7
"id_1484",4.8,5
"id_1485",5.4,4.9
"id_1486",NA,NA
"id_1487",3.4,4.3
"id_1488",4.8,4.9
"id_1489",5,5.5
"id_1490",4.4,4.5
"id_1491",4.6,4.9
"id_1492",NA,NA
"id_1493",3.2,3.8
"id_1494",5.2,5.3
"id_1495",2,3.7
"id_1496",2,3.7
"id_1497",3.2,3.5
"id_1498",4.8,4.3
"id_1499",3.6,3.9
"id_1500",5,4.9
"id_1501",5,4.7
"id_1502",4.8,4.3
"id_1503",4.2,4.3
"id_1504",3.2,4.4
"id_1505",3,4.3
"id_1506",3,4.5
"id_1507",5.8,5.5
"id_1508",4.8,5.4
"id_1509",5.4,5.7
"id_1510",5.2,5.3
"id_1511",4.8,4.1
"id_1512",4,4.7
"id_1513",3.2,3.1
"id_1514",4.2,4.9
"id_1515",3.8,4.6
"id_1516",3.6,3.6
"id_1517",4.4,4.3
"id_1518",2.2,3.7
"id_1519",5.8,4.9
"id_1520",4.2,4.9
"id_1521",1.4,3.5
"id_1522",4,3.9
"id_1523",NA,NA
"id_1524",5,5
"id_1525",1.6,2.7
"id_1526",5.2,5.3
"id_1527",4.2,4.8
"id_1528",4,4.3
"id_1529",5.4,5.6
"id_1530",3,4.1
"id_1531",5,NA
"id_1532",4,4.2
"id_1533",4.4,4.6
"id_1534",2.8,4.1
"id_1535",5.4,4.9
"id_1536",3.6,3.6
"id_1537",4.4,4.6
"id_1538",3,3.7
"id_1539",2.6,3.2
"id_1540",3,3.9
"id_1541",5,4.9
"id_1542",4.8,4.6
"id_1543",4.6,4.6
"id_1544",4.4,3.9
"id_1545",4.8,5.1
"id_1546",4.8,4.5
"id_1547",5.4,5.1
"id_1548",3.4,3
"id_1549",2.4,2.4
"id_1550",4.2,4.3
"id_1551",4.2,3.9
"id_1552",4.8,5.2
"id_1553",4.2,4.6
"id_1554",4.6,4.7
"id_1555",3.8,3.8
"id_1556",5,5
"id_1557",4.6,5
"id_1558",4.4,4.7
"id_1559",3.4,4.6
"id_1560",4,4.3
"id_1561",4.4,4.6
"id_1562",4.8,5.1
"id_1563",4.4,4.4
"id_1564",4.4,4.9
"id_1565",3.6,4.5
"id_1566",3.6,4.5
"id_1567",3.6,4.5
"id_1568",3.6,4.3
"id_1569",3.6,4.6
"id_1570",3.6,4.1
"id_1571",3.6,4.6
"id_1572",4.6,5.1
"id_1573",3.6,3.2
"id_1574",2.4,3.2
"id_1575",4.6,3.9
"id_1576",4.8,NA
"id_1577",3.2,3.5
"id_1578",3.8,4.1
"id_1579",NA,NA
"id_1580",5,4.8
"id_1581",4.4,4.2
"id_1582",5,5.3
"id_1583",3.2,3.5
"id_1584",3,3.7
"id_1585",5,4.4
"id_1586",2.8,4.2
"id_1587",4.8,4.1
"id_1588",3,4.4
"id_1589",3.2,3.3
"id_1590",3.6,3.7
"id_1591",5.4,5.3
"id_1592",3,3.4
"id_1593",5,5.2
"id_1594",3.4,3.7
"id_1595",4.8,5.2
"id_1596",4.4,5
"id_1597",4.2,4
"id_1598",4,5
"id_1599",4,5
"id_1600",3.6,4.4
"id_1601",NA,NA
"id_1602",4.4,5
"id_1603",3,4.1
"id_1604",2.8,3.4
"id_1605",4.8,4.8
"id_1606",NA,NA
"id_1607",5,5.2
"id_1608",2,3.3
"id_1609",4.4,5
"id_1610",3.4,4.1
"id_1611",3.2,3.8
"id_1612",3.4,3.9
"id_1613",4.4,4.7
"id_1614",5.4,5.7
"id_1615",4.8,4.9
"id_1616",3.8,NA
"id_1617",3.4,4.1
"id_1618",5.4,5
"id_1619",5.6,5
"id_1620",4,3.9
"id_1621",2.6,3.3
"id_1622",3.8,3.5
"id_1623",4,4.1
"id_1624",5.4,5.5
"id_1625",4.4,4.8
"id_1626",3.2,4.1
"id_1627",1.4,2.8
"id_1628",2.8,3.6
"id_1629",4.8,4.9
"id_1630",4.6,5.1
"id_1631",5,5.2
"id_1632",5.8,5.5
"id_1633",4.2,4.1
"id_1634",4.4,3.7
"id_1635",5.2,4.8
"id_1636",2,3.5
"id_1637",4.8,4.5
"id_1638",3.8,4.2
"id_1639",6,6
"id_1640",4.4,4.5
"id_1641",4.2,NA
"id_1642",5.4,5.4
"id_1643",5,4.4
"id_1644",3.4,3.7
"id_1645",2,3.9
"id_1646",4.6,4.4
"id_1647",5.4,4.9
"id_1648",NA,NA
"id_1649",5,5.1
"id_1650",4,3.9
"id_1651",4,3.9
"id_1652",3.8,3.8
"id_1653",5,5.1
"id_1654",3.6,4.3
"id_1655",3,3.1
"id_1656",5.6,5.6
"id_1657",4,3.6
"id_1658",4.2,4.6
"id_1659",4.2,4.5
"id_1660",3.2,4.6
"id_1661",4.6,5.3
"id_1662",5.2,4.5
"id_1663",4.6,4.6
"id_1664",5,4.4
"id_1665",4.6,5.1
"id_1666",5,4.8
"id_1667",NA,NA
"id_1668",5,4.3
"id_1669",5,4.5
"id_1670",5.8,5.3
"id_1671",3.8,4.1
"id_1672",5,4.7
"id_1673",4.2,3.9
"id_1674",5.4,5.7
"id_1675",4.6,4.9
"id_1676",2.6,4.2
"id_1677",3.6,3.6
"id_1678",4.6,4.8
"id_1679",5,4.8
"id_1680",6,5.8
"id_1681",3,3.5
"id_1682",4,3.9
"id_1683",NA,NA
"id_1684",4.8,4.8
"id_1685",3,4.2
"id_1686",6,5
"id_1687",3.4,4.3
"id_1688",3.8,3.6
"id_1689",3.8,4.2
"id_1690",3.2,4
"id_1691",5,5
"id_1692",NA,NA
"id_1693",3.4,3.8
"id_1694",3.4,4.1
"id_1695",5.6,5.4
"id_1696",5,4.6
"id_1697",5.2,4.6
"id_1698",4.8,4.6
"id_1699",4.4,4.4
"id_1700",3.8,4.7
"id_1701",4.4,4.4
"id_1702",2.4,2.8
"id_1703",5.6,4.8
"id_1704",3.4,3.5
"id_1705",4,4.7
"id_1706",4.2,3.8
"id_1707",3.8,3.5
"id_1708",3.6,4
"id_1709",2.8,4
"id_1710",5,5.4
"id_1711",5,5.1
"id_1712",5.4,NA
"id_1713",3.8,3.8
"id_1714",3,3.8
"id_1715",3.4,3.2
"id_1716",4.6,4.2
"id_1717",4.2,4.6
"id_1718",5.2,5.5
"id_1719",4.6,4.9
"id_1720",2.6,4
"id_1721",3.4,4.4
"id_1722",6,5
"id_1723",3.4,4.1
"id_1724",4.4,4.7
"id_1725",2.6,3
"id_1726",4,4.7
"id_1727",4.6,3.9
"id_1728",2.4,4.2
"id_1729",4.8,4.6
"id_1730",4,4
"id_1731",4,3.9
"id_1732",4.4,4.7
"id_1733",4.8,4.7
"id_1734",5,4.8
"id_1735",5.2,5.1
"id_1736",5.2,5.1
"id_1737",3.6,3.8
"id_1738",4.6,4.6
"id_1739",5,5.4
"id_1740",3.6,4.1
"id_1741",5.2,4.3
"id_1742",4.6,4.9
"id_1743",2.8,4.1
"id_1744",2.2,3.4
"id_1745",2.2,NA
"id_1746",3.6,3.9
"id_1747",4.6,4.2
"id_1748",4.8,5.4
"id_1749",3.8,4.4
"id_1750",4,4.8
"id_1751",4.4,4.9
"id_1752",3.2,4.3
"id_1753",4.6,5
"id_1754",4,4.4
"id_1755",3.4,3.6
"id_1756",5.2,5.2
"id_1757",4,4.4
"id_1758",4.6,5
"id_1759",4,3.6
"id_1760",4.4,4.3
"id_1761",3.6,3.6
"id_1762",2.8,4.2
"id_1763",4,3.8
"id_1764",NA,NA
"id_1765",5.6,4.6
"id_1766",4.8,4.4
"id_1767",1.8,3.8
"id_1768",5.4,4.9
"id_1769",3,3.1
"id_1770",4.4,4.4
"id_1771",3.6,3.4
"id_1772",4.2,4.1
"id_1773",3.4,3.7
"id_1774",NA,NA
"id_1775",4.2,4.1
"id_1776",3.4,4.4
"id_1777",2.6,4
"id_1778",5.4,5
"id_1779",2.6,3.6
"id_1780",4.6,4.8
"id_1781",3.2,4.1
"id_1782",5.4,5.1
"id_1783",4.6,4.9
"id_1784",5.6,5.2
"id_1785",3.6,3.9
"id_1786",4.4,5
"id_1787",3.4,4.7
"id_1788",5,4.3
"id_1789",3.4,3.7
"id_1790",4.6,5.3
"id_1791",4.4,4.8
"id_1792",3.4,4.1
"id_1793",4.8,5.1
"id_1794",3.6,4.3
"id_1795",4.4,4.8
"id_1796",5.6,4.7
"id_1797",5.6,4.9
"id_1798",5.8,5.7
"id_1799",5,4.9
"id_1800",4,4
"id_1801",5.4,5
"id_1802",5.2,4.7
"id_1803",4,4.5
"id_1804",4.4,4.1
"id_1805",4,4.1
"id_1806",4,5
"id_1807",3.6,4.5
"id_1808",2.6,4.2
"id_1809",2.4,3.4
"id_1810",5.4,4.8
"id_1811",5.6,5.3
"id_1812",4,3.3
"id_1813",5,5.2
"id_1814",5.8,4.8
"id_1815",5.2,4.6
"id_1816",NA,NA
"id_1817",5.6,5.2
"id_1818",NA,NA
"id_1819",5.4,5.1
"id_1820",2.4,2.9
"id_1821",4.4,4.4
"id_1822",5.4,5.3
"id_1823",5,5
"id_1824",3.4,3
"id_1825",3.8,4.4
"id_1826",4,4.5
"id_1827",2.8,4
"id_1828",4.4,4.7
"id_1829",3.4,3.9
"id_1830",5.4,5.4
"id_1831",4,4
"id_1832",4.6,4.9
"id_1833",4,4.6
"id_1834",2.8,3.4
"id_1835",4,4.3
"id_1836",5,5.3
"id_1837",5.8,5.4
"id_1838",3.2,NA
"id_1839",4.8,4.8
"id_1840",4.4,NA
"id_1841",3.2,3.2
"id_1842",4.6,4.8
"id_1843",4.2,NA
"id_1844",6,5.8
"id_1845",2.8,4.2
"id_1846",5.8,5.9
"id_1847",5.6,4.7
"id_1848",2.6,3.8
"id_1849",NA,NA
"id_1850",2.8,4.2
"id_1851",5.4,5.3
"id_1852",4,4.5
"id_1853",3.2,3.2
"id_1854",1.4,3
"id_1855",4.4,4.4
"id_1856",5.6,5
"id_1857",5.2,5
"id_1858",4.6,4.5
"id_1859",5,5
"id_1860",6,5.5
"id_1861",5.2,4.8
"id_1862",4.2,4.7
"id_1863",5,5.4
"id_1864",NA,NA
"id_1865",5.2,5
"id_1866",2.2,2.5
"id_1867",4,4.7
"id_1868",4.2,4.3
"id_1869",5,4.8
"id_1870",NA,NA
"id_1871",3.2,3.7
"id_1872",2.8,3.3
"id_1873",4.2,3.8
"id_1874",4,4.6
"id_1875",5.6,5.2
"id_1876",NA,NA
"id_1877",1.2,2.9
"id_1878",5,5.1
"id_1879",4,4.3
"id_1880",3.8,4.7
"id_1881",4,4.7
"id_1882",5.2,5.6
"id_1883",2.8,3.8
"id_1884",5.2,4.8
"id_1885",5.8,5.4
"id_1886",4.2,4.3
"id_1887",5.4,4.9
"id_1888",3.6,4.1
"id_1889",5,4.7
"id_1890",5.8,5.4
"id_1891",3,3.6
"id_1892",5,4.7
"id_1893",3.8,NA
"id_1894",5.4,5
"id_1895",4.4,4.5
"id_1896",4.2,3.7
"id_1897",5.4,5.2
"id_1898",3.2,3.7
"id_1899",4.8,4.9
"id_1900",4.8,4.9
"id_1901",4.4,4.8
"id_1902",NA,NA
"id_1903",5.4,5.3
"id_1904",4,3.8
"id_1905",5,4.8
"id_1906",2.8,3.1
"id_1907",1.6,3.7
"id_1908",NA,NA
"id_1909",4.8,4.6
"id_1910",4.2,4.1
"id_1911",4.2,4.1
"id_1912",4.2,4
"id_1913",4,4.2
"id_1914",3.2,4
"id_1915",6,5.2
"id_1916",1.8,3.8
"id_1917",6,6
"id_1918",4.6,4.4
"id_1919",3,4.3
"id_1920",3.8,4
"id_1921",4.4,4.7
"id_1922",NA,NA
"id_1923",5,4.9
"id_1924",5.2,4.8
"id_1925",5.6,4.8
"id_1926",6,5.9
"id_1927",3.6,3.9
"id_1928",4.6,4.2
"id_1929",3.2,3.7
"id_1930",3,3.7
"id_1931",3.8,3.9
"id_1932",6,4.5
"id_1933",3.6,4.6
"id_1934",3.6,4.2
"id_1935",4.2,4.6
"id_1936",4.4,4.3
"id_1937",3,3.4
"id_1938",2.6,3.4
"id_1939",3,4.2
"id_1940",4.4,3.6
"id_1941",5.6,4.9
"id_1942",3.4,3.6
"id_1943",4.6,4.7
"id_1944",3.6,3.9
"id_1945",5.4,5
"id_1946",4.6,4.4
"id_1947",5.6,5.6
"id_1948",3.2,3.8
"id_1949",4,4
"id_1950",3.6,4.3
"id_1951",3.4,4
"id_1952",5.6,5.4
"id_1953",NA,NA
"id_1954",5.2,5
"id_1955",5.2,4.9
"id_1956",4.2,4.5
"id_1957",5.4,5.4
"id_1958",4.8,4
"id_1959",5.8,5.4
"id_1960",4.6,4.7
"id_1961",3,4
"id_1962",3.8,4.2
"id_1963",4.2,4.1
"id_1964",5.4,5
"id_1965",5.8,5.4
"id_1966",4,3.8
"id_1967",5.6,5.2
"id_1968",5,4.6
"id_1969",6,5.2
"id_1970",3.8,3.6
"id_1971",5.4,5
"id_1972",4.2,3.9
"id_1973",6,6
"id_1974",5.2,5.1
"id_1975",4.8,4.7
"id_1976",5.2,5.1
"id_1977",4.6,4.7
"id_1978",4.2,4.5
"id_1979",4,3.2
"id_1980",5,4.9
"id_1981",2.2,2.9
"id_1982",5,5
"id_1983",NA,NA
"id_1984",6,5.7
"id_1985",5.2,4.2
"id_1986",3,3.5
"id_1987",5,4.7
"id_1988",3.6,3.4
"id_1989",4.4,4.7
"id_1990",4.8,4.5
"id_1991",3.6,4
"id_1992",4,3.7
"id_1993",4.8,4.3
"id_1994",3.6,3.9
"id_1995",5,4.9
"id_1996",3.4,3.8
"id_1997",3.2,3.4
"id_1998",5,4.9
"id_1999",4.2,4.4
"id_2000",4.6,4.9
"id_2001",4.2,4.2
"id_2002",6,5.9
"id_2003",4,4.4
"id_2004",1.6,2.8
"id_2005",5.6,5.1
"id_2006",3.8,4.3
"id_2007",5.8,5.4
"id_2008",4,4.1
"id_2009",3.8,4.1
"id_2010",3.6,4.1
"id_2011",4.8,4.7
"id_2012",5.8,5.2
"id_2013",4.6,4.4
"id_2014",4.2,4.6
"id_2015",5.6,5.5
"id_2016",4.8,5.3
"id_2017",5.2,4.7
"id_2018",4,4
"id_2019",1.8,3.8
"id_2020",3.8,4.3
"id_2021",3.6,NA
"id_2022",3.6,3.7
"id_2023",4.6,4.2
"id_2024",3.8,3.6
"id_2025",3.8,3.6
"id_2026",3.8,4.3
"id_2027",5,4.4
"id_2028",4.4,4.6
"id_2029",5,4.6
"id_2030",2.8,3.6
"id_2031",NA,NA
"id_2032",6,5.5
"id_2033",3.4,4.1
"id_2034",6,6
"id_2035",5.6,5.3
"id_2036",3,3.9
"id_2037",5.2,5.2
"id_2038",2.8,3.2
"id_2039",4.2,3.7
"id_2040",NA,NA
"id_2041",3.4,NA
"id_2042",4.8,4.9
"id_2043",3,3
"id_2044",5,5.1
"id_2045",3.2,3.4
"id_2046",2.2,2.9
"id_2047",3.6,4
"id_2048",3,3.5
"id_2049",4.2,4.1
"id_2050",2.4,3.8
"id_2051",4.4,4.3
"id_2052",4.8,4.6
"id_2053",1.6,2.3
"id_2054",2,2.4
"id_2055",2.4,3.6
"id_2056",5.4,5.1
"id_2057",5.2,4.8
"id_2058",5,5.1
"id_2059",5.8,5.4
"id_2060",5,5
"id_2061",6,5.9
"id_2062",4.6,4.5
"id_2063",5.2,4.4
"id_2064",NA,NA
"id_2065",3.6,3.6
"id_2066",4.4,3.8
"id_2067",6,5.9
"id_2068",4.6,4.7
"id_2069",4.8,4.4
"id_2070",5.8,5.5
"id_2071",6,6
"id_2072",2.6,3.1
"id_2073",4.4,4.9
"id_2074",4,4.1
"id_2075",5,5
"id_2076",4.8,5.2
"id_2077",2.6,3.6
"id_2078",5.2,4.7
"id_2079",4,4.5
"id_2080",5.2,4.2
"id_2081",5.2,4.9
"id_2082",3,4.2
"id_2083",3.8,4.1
"id_2084",3.8,3.8
"id_2085",1.4,2.8
"id_2086",3.4,4.2
"id_2087",3.8,3.8
"id_2088",5.4,5.2
"id_2089",4.2,4.6
"id_2090",5.6,5.7
"id_2091",4,4.6
"id_2092",4,4.6
"id_2093",3.4,3.6
"id_2094",3.8,4.4
"id_2095",3,4.3
"id_2096",4.8,5.1
"id_2097",5.6,5.7
"id_2098",3.2,3.8
"id_2099",4.2,4.6
"id_2100",6,6
"id_2101",4.2,4.9
"id_2102",4.6,4.6
"id_2103",3.8,NA
"id_2104",6,5.9
"id_2105",4.8,5.3
"id_2106",5.6,5.5
"id_2107",4.6,5.2
"id_2108",5,4.7
"id_2109",4.8,4.8
"id_2110",3.8,3.7
"id_2111",1.6,3
"id_2112",3.6,4.3
"id_2113",4,4.6
"id_2114",3.8,3.8
"id_2115",4,4.2
"id_2116",4,4.4
"id_2117",5.6,4.4
"id_2118",3.8,4.2
"id_2119",5.2,4.9
"id_2120",4.4,4.2
"id_2121",4.8,4.8
"id_2122",6,5.7
"id_2123",5.8,5.6
"id_2124",3.2,3.4
"id_2125",4,3.9
"id_2126",5.4,4.4
"id_2127",4,4.3
"id_2128",3.8,4.1
"id_2129",4.6,5.3
"id_2130",5,4.6
"id_2131",5.4,4.8
"id_2132",5,4.1
"id_2133",2.8,3.6
"id_2134",3.2,4
"id_2135",5,4.6
"id_2136",5.2,4.7
"id_2137",3.6,4.5
"id_2138",3.6,4.5
"id_2139",2.6,4.1
"id_2140",2.8,4.1
"id_2141",2.4,3.5
"id_2142",4.2,4.4
"id_2143",3.8,4.1
"id_2144",3.6,4.2
"id_2145",4.8,4.3
"id_2146",4.2,NA
"id_2147",4.6,5.1
"id_2148",4.6,5
"id_2149",3.8,3.6
"id_2150",3.2,3.4
"id_2151",4.2,3.9
"id_2152",2.8,3.7
"id_2153",5.2,4.7
"id_2154",4.2,3.8
"id_2155",3.6,4.6
"id_2156",4.6,4.5
"id_2157",4.2,4.9
"id_2158",3.2,4
"id_2159",3,4.2
"id_2160",3,4.5
"id_2161",4.2,3.6
"id_2162",1.6,2.7
"id_2163",NA,NA
"id_2164",5.2,5.2
"id_2165",4.6,4.4
"id_2166",2.8,3.3
"id_2167",3.6,4
"id_2168",2.8,3.6
"id_2169",1.8,3.4
"id_2170",3.2,3.3
"id_2171",4.4,4.8
"id_2172",3.8,4.2
"id_2173",4,3.8
"id_2174",2.8,3.6
"id_2175",4.4,4.7
"id_2176",NA,NA
"id_2177",4.2,NA
"id_2178",4.8,5
"id_2179",1.8,3.4
"id_2180",5.2,5.2
"id_2181",3.8,4.2
"id_2182",5.4,5.1
"id_2183",5.4,5
"id_2184",5,5.2
"id_2185",3.2,3.8
"id_2186",3,3.8
"id_2187",4.6,4.6
"id_2188",4.6,4.9
"id_2189",2.4,3.1
"id_2190",4.4,5.1
"id_2191",3.8,3.6
"id_2192",5.8,5.9
"id_2193",4.4,4.7
"id_2194",4,4.6
"id_2195",3.2,4.3
"id_2196",4,4.2
"id_2197",3.8,4.1
"id_2198",4.6,4.3
"id_2199",5.2,4.9
"id_2200",2.8,4.3
"id_2201",4.2,4.9
"id_2202",3.6,4.3
"id_2203",5.4,4.9
"id_2204",3,3.8
"id_2205",3.4,3.5
"id_2206",3.4,3.5
"id_2207",4.6,5.3
"id_2208",4.6,5.2
"id_2209",3,NA
"id_2210",4.8,4.4
"id_2211",3,4
"id_2212",5,5.5
"id_2213",3.8,4
"id_2214",5.2,5.3
"id_2215",3.6,4.8
"id_2216",4,4.8
"id_2217",2,2.4
"id_2218",2.6,3.6
"id_2219",5.4,5.4
"id_2220",5,5.5
"id_2221",4.4,4.5
"id_2222",4.4,4.5
"id_2223",4.4,4.5
"id_2224",4.4,4.5
"id_2225",4,4.8
"id_2226",4.2,4.5
"id_2227",1.8,3.6
"id_2228",4.6,5.1
"id_2229",4.4,4.3
"id_2230",4.4,4.8
"id_2231",NA,NA
"id_2232",4,4.4
"id_2233",4.8,4.6
"id_2234",2.2,3.6
"id_2235",2,3.5
"id_2236",3.6,4.7
"id_2237",5.8,NA
"id_2238",4.6,5.1
"id_2239",5,4.9
"id_2240",5.8,5.4
"id_2241",2.4,3.7
"id_2242",NA,NA
"id_2243",5.6,4.9
"id_2244",3.8,3.5
"id_2245",4,4.3
"id_2246",4.2,4.2
"id_2247",3.6,4.2
"id_2248",3.6,4.6
"id_2249",4.8,4.3
"id_2250",5,4.7
"id_2251",3.6,3.9
"id_2252",5.2,4.4
"id_2253",3.8,3.6
"id_2254",3.8,4.2
"id_2255",3.8,3.8
"id_2256",5.4,4.5
"id_2257",4.8,4.5
"id_2258",4.6,4.8
"id_2259",5,4.7
"id_2260",3.4,4
"id_2261",2.2,3.6
"id_2262",3,3.6
"id_2263",5.6,5.3
"id_2264",4.8,4
"id_2265",3.8,3.9
"id_2266",3.4,4
"id_2267",3.4,4.5
"id_2268",4.6,4.1
"id_2269",5,4.9
"id_2270",4.8,4.8
"id_2271",3.4,4.2
"id_2272",3.2,3.1
"id_2273",3.8,NA
"id_2274",3.8,3.3
"id_2275",3.6,3.9
"id_2276",5,4.5
"id_2277",5.4,5.1
"id_2278",2.4,2.8
"id_2279",3.4,3.3
"id_2280",4,3.8
"id_2281",2.8,4
"id_2282",2,3.3
"id_2283",3.8,4.4
"id_2284",4.4,4.5
"id_2285",4.4,4
"id_2286",5.6,5.3
"id_2287",3.2,3.2
"id_2288",5.8,5.4
"id_2289",3.2,4.3
"id_2290",5.8,5.5
"id_2291",5.4,5
"id_2292",1.8,3.2
"id_2293",3.4,4.3
"id_2294",5.2,4.6
"id_2295",5.4,4.9
"id_2296",4,3.7
"id_2297",4.6,4.2
"id_2298",5,4.2
"id_2299",5.2,5.6
"id_2300",4.4,4
"id_2301",4.2,4.3
"id_2302",2.6,3.9
"id_2303",4,3.9
"id_2304",NA,NA
"id_2305",4.4,4
"id_2306",3.4,4
"id_2307",NA,NA
"id_2308",5.6,5.1
"id_2309",4,4.7
"id_2310",4,4.1
"id_2311",1.8,3.3
"id_2312",4.4,4.4
"id_2313",1,3
"id_2314",NA,NA
"id_2315",5,5.5
"id_2316",NA,NA
"id_2317",5.6,5
"id_2318",2.6,4.3
"id_2319",4.8,4.3
"id_2320",5.6,5.7
"id_2321",4.2,4
"id_2322",3.2,4.2
"id_2323",3.8,3.9
"id_2324",6,5.7
"id_2325",4.2,4.3
"id_2326",3.2,4.2
"id_2327",1.2,2.8
"id_2328",3.2,3.1
"id_2329",4.2,4.5
"id_2330",3.2,3.6
"id_2331",3.6,4
"id_2332",3.6,4.5
"id_2333",5.4,5.1
"id_2334",3,3.6
"id_2335",4.6,4.9
"id_2336",5,5.1
"id_2337",3.8,4.8
"id_2338",4.4,4.4
"id_2339",2.8,3.8
"id_2340",3.4,4.1
"id_2341",3.2,4.2
"id_2342",NA,NA
"id_2343",4.6,5.2
"id_2344",3.4,4.3
"id_2345",3.2,4.1
"id_2346",2,3.3
"id_2347",5.4,4.8
"id_2348",4.4,4.5
"id_2349",5.4,4.8
"id_2350",2.6,3.8
"id_2351",4,3.7
"id_2352",3.4,4.5
"id_2353",3.6,3.5
"id_2354",2.8,3.7
"id_2355",5,5.2
"id_2356",3.2,NA
"id_2357",4.4,4.9
"id_2358",4.6,4.8
"id_2359",4.6,4.3
"id_2360",2.8,3.3
"id_2361",5.8,5.3
"id_2362",5.4,5.2
"id_2363",5.8,5.7
"id_2364",3.4,3.8
"id_2365",2.6,2.3
"id_2366",3.8,4
"id_2367",4.2,4.7
"id_2368",4.2,3.9
"id_2369",4.8,4.7
"id_2370",5.2,4.8
"id_2371",5.2,5.6
"id_2372",3.6,3.8
"id_2373",4.6,5
"id_2374",4.8,4.2
"id_2375",5.4,4.9
"id_2376",4.8,4.7
"id_2377",5,4.7
"id_2378",3.8,4.1
"id_2379",4.6,4.6
"id_2380",4.4,3.9
"id_2381",4.6,4.6
"id_2382",6,5
"id_2383",5.4,4.9
"id_2384",2.2,4
"id_2385",5,4.4
"id_2386",6,5.5
"id_2387",3.6,3.8
"id_2388",5.2,5.2
"id_2389",3.6,3.6
"id_2390",3.8,4.8
"id_2391",4.4,3.8
"id_2392",3.6,3.3
"id_2393",3,4.1
"id_2394",NA,NA
"id_2395",5,5.2
"id_2396",4,3.9
"id_2397",3.6,4.2
"id_2398",6,6
"id_2399",2.6,3.3
"id_2400",6,6
"id_2401",NA,NA
"id_2402",3.2,4.4
"id_2403",4.2,NA
"id_2404",4.2,4.3
"id_2405",6,5.7
"id_2406",3.6,4.6
"id_2407",5.4,5.2
"id_2408",3,4.1
"id_2409",3,4.1
"id_2410",4.6,4.7
"id_2411",2.6,4.3
"id_2412",4.8,5.2
"id_2413",4.6,4.4
"id_2414",4,4.2
"id_2415",4.2,4.1
"id_2416",3.6,4.4
"id_2417",2.4,3.1
"id_2418",5.2,4.6
"id_2419",5.2,4.3
"id_2420",2.6,2.8
"id_2421",NA,NA
"id_2422",4,4.5
"id_2423",2.8,3
"id_2424",3.4,4.6
"id_2425",4,4.5
"id_2426",4,4.1
"id_2427",5.8,5.8
"id_2428",3.6,4.1
"id_2429",5.4,5.3
"id_2430",5.6,5.2
"id_2431",3.4,3.7
"id_2432",3,3.9
"id_2433",4.4,4.9
"id_2434",6,5.9
"id_2435",5.4,5
"id_2436",4.2,4.6
"id_2437",3.8,3.9
"id_2438",5.8,5.2
"id_2439",2.6,2.8
"id_2440",4.4,4.4
"id_2441",5,4.5
"id_2442",5.6,5.1
"id_2443",3.2,3.6
"id_2444",3.8,4.5
"id_2445",4.6,5.1
"id_2446",3.2,3.3
"id_2447",5.8,5.4
"id_2448",5.4,4.9
"id_2449",3.8,4
"id_2450",2.4,2.7
"id_2451",1.6,1.9
"id_2452",2.6,4.3
"id_2453",5.4,5.3
"id_2454",4.6,4.5
"id_2455",4.2,4.4
"id_2456",4.2,4.3
"id_2457",6,5.3
"id_2458",4.6,4.4
"id_2459",5.6,5.3
"id_2460",3,3.9
"id_2461",4.8,4.5
"id_2462",4,4.3
"id_2463",4.8,5.1
"id_2464",NA,NA
"id_2465",4.2,4.5
"id_2466",4,3.8
"id_2467",2.4,3.3
"id_2468",3.8,4.3
"id_2469",4.2,4.6
"id_2470",3,4.2
"id_2471",3.8,4.5
"id_2472",4.4,4.2
"id_2473",5,5.5
"id_2474",5.8,5.6
"id_2475",NA,NA
"id_2476",2.4,3.6
"id_2477",5,5.4
"id_2478",4.2,4.5
"id_2479",4,4.9
"id_2480",4,4.3
"id_2481",2.6,2.9
"id_2482",3.4,3.4
"id_2483",NA,NA
"id_2484",2.4,2.8
"id_2485",3.4,3.5
"id_2486",NA,NA
"id_2487",1.8,2.5
"id_2488",2.8,3.9
"id_2489",4,4.9
"id_2490",2.8,4.3
"id_2491",3.6,3.8
"id_2492",5.2,5.3
"id_2493",4.4,3.9
"id_2494",4.6,NA
"id_2495",4.6,4.7
"id_2496",3.2,4
"id_2497",2.6,3.9
"id_2498",4.2,4.5
"id_2499",1.4,2.3
"id_2500",3.6,4.7
"id_2501",3.4,4.4
"id_2502",5.2,5.5
"id_2503",4.6,4
"id_2504",3.8,3.4
"id_2505",3.6,3.9
"id_2506",4.4,5.2
"id_2507",5.8,5.9
"id_2508",5,4.7
"id_2509",2.8,3.6
"id_2510",4.2,3.7
"id_2511",4.2,4.6
"id_2512",4.4,4.5
"id_2513",4.6,4.6
"id_2514",5,5.4
"id_2515",NA,NA
"id_2516",4,4.3
"id_2517",4.2,4.2
"id_2518",2.4,2.9
"id_2519",4.8,5.1
"id_2520",1.2,3.4
"id_2521",3.6,4.6
"id_2522",1.4,2.5
"id_2523",4,4.3
"id_2524",1.2,2.7
"id_2525",1.6,3.4
"id_2526",4,4.2
"id_2527",4.8,4.3
"id_2528",4,4.2
"id_2529",2.8,3.9
"id_2530",6,6
"id_2531",4.4,4.7
"id_2532",2.6,3.4
"id_2533",5.4,5.2
"id_2534",3.4,4.6
"id_2535",5.4,4.8
"id_2536",4.6,4.3
"id_2537",4.4,4.5
"id_2538",4,4
"id_2539",4.2,4.7
"id_2540",3.2,3.9
"id_2541",4.4,4
"id_2542",5.4,4.6
"id_2543",4.8,3.8
"id_2544",2.2,3.7
"id_2545",5.2,5.2
"id_2546",2.6,3.8
"id_2547",4.6,4.7
"id_2548",4.8,5
"id_2549",1.2,3
"id_2550",4.2,4.5
"id_2551",4,4.1
"id_2552",5.2,5.5
"id_2553",3.6,4.7
"id_2554",2.8,3.3
"id_2555",5.2,4.3
"id_2556",4.2,4.1
"id_2557",5.6,5.5
"id_2558",4.6,3.7
"id_2559",3.8,3.7
"id_2560",4.6,5.3
"id_2561",4.6,4.5
"id_2562",3.8,4.8
"id_2563",5.6,5.3
"id_2564",4.2,4.8
"id_2565",5,4.3
"id_2566",3,4.4
"id_2567",4.4,4
"id_2568",2,3.2
"id_2569",4.8,4.8
"id_2570",NA,NA
"id_2571",4,4.7
"id_2572",5.4,4.6
"id_2573",4.8,5
"id_2574",5.6,5.3
"id_2575",2.6,3.6
"id_2576",5.4,5.5
"id_2577",3.4,3.7
"id_2578",4.6,4.1
"id_2579",3.2,3.4
"id_2580",NA,NA
"id_2581",2.4,2.7
"id_2582",2.8,3.5
"id_2583",5.4,5.7
"id_2584",5,4.2
"id_2585",2.2,2.4
"id_2586",4.8,4.1
"id_2587",4.6,5.1
"id_2588",4.8,4.6
"id_2589",4,4.1
"id_2590",5.2,5.5
"id_2591",5.4,4.6
"id_2592",4,4.9
"id_2593",3,3.5
"id_2594",4,3.8
"id_2595",4.4,4.2
"id_2596",5,5
"id_2597",5.2,5.2
"id_2598",5.2,4.9
"id_2599",4,3.7
"id_2600",3,3.5
"id_2601",3.4,4
"id_2602",5.4,5.3
"id_2603",3,2.7
"id_2604",4,4.4
"id_2605",4.6,4.4
"id_2606",4.2,4.9
"id_2607",5.4,5.4
"id_2608",4.4,4.3
"id_2609",3,3.3
"id_2610",1.8,3.2
"id_2611",4.2,4.4
"id_2612",1.6,2
"id_2613",4.2,3.7
"id_2614",5,4.9
"id_2615",NA,NA
"id_2616",3.2,3.5
"id_2617",5.2,4.6
"id_2618",4,4.1
"id_2619",5.2,4.3
"id_2620",3.8,3.6
"id_2621",5,3.8
"id_2622",NA,NA
"id_2623",4.4,4.5
"id_2624",5.4,5.2
"id_2625",1.6,2.9
"id_2626",3.4,4.5
"id_2627",2.2,3.4
"id_2628",3.4,4.2
"id_2629",3.8,4.2
"id_2630",5,5
"id_2631",3.2,3.9
"id_2632",4.4,3.9
"id_2633",3.2,4
"id_2634",2,3.5
"id_2635",2.8,3.5
"id_2636",4.6,4.1
"id_2637",5,4.6
"id_2638",4.8,4.3
"id_2639",4.4,4.1
"id_2640",2,3.8
"id_2641",5.8,5.1
"id_2642",5.2,4.6
"id_2643",3.6,4.5
"id_2644",NA,NA
"id_2645",3.8,3.7
"id_2646",4.6,4.5
"id_2647",3.6,3.6
"id_2648",3.8,4.1
"id_2649",3.8,3.9
"id_2650",4.4,3.9
"id_2651",4.6,3.7
"id_2652",4,4.5
"id_2653",4.8,4.6
"id_2654",5,4.7
"id_2655",5.8,5.5
"id_2656",3.4,3.6
"id_2657",4.4,4.5
"id_2658",4,4.8
"id_2659",4.2,4.3
"id_2660",5.2,5.1
"id_2661",3,4.1
"id_2662",4.8,5.1
"id_2663",5.2,4.7
"id_2664",5.8,5.6
"id_2665",4.6,4.7
"id_2666",4,4.4
"id_2667",4.2,3.8
"id_2668",2,3.4
"id_2669",6,5.3
"id_2670",3.6,4
"id_2671",3.8,3.8
"id_2672",3,3.9
"id_2673",4,3.9
"id_2674",3.6,3.3
"id_2675",5.4,5.2
"id_2676",3.4,3.5
"id_2677",6,6
"id_2678",2.4,3.8
"id_2679",2.4,3.6
"id_2680",5.8,5.2
"id_2681",6,5.7
"id_2682",4.4,4
"id_2683",4,NA
"id_2684",4.4,4.4
"id_2685",4.8,5
"id_2686",5.2,4.9
"id_2687",4.6,4.2
"id_2688",1.2,3
"id_2689",1.2,3.3
"id_2690",3,3.8
"id_2691",5.6,5.3
"id_2692",3,4.5
"id_2693",5.2,5.5
"id_2694",2.2,2.8
"id_2695",2.6,4.1
"id_2696",4.8,4.8
"id_2697",5.8,5.8
"id_2698",1.8,3.6
"id_2699",6,5.8
"id_2700",2.8,3.9
"id_2701",4.6,4.7
"id_2702",NA,NA
"id_2703",4.8,NA
"id_2704",4.8,4.8
"id_2705",2.6,3
"id_2706",4.8,4.9
"id_2707",4.2,4.6
"id_2708",3.6,3.9
"id_2709",4,4.1
"id_2710",5.2,4.8
"id_2711",4.4,4.8
"id_2712",4.2,4.1
"id_2713",2.8,3.3
"id_2714",3.4,3.7
"id_2715",2.4,4
"id_2716",3.6,4
"id_2717",1.4,1.7
"id_2718",4.6,4
"id_2719",2.6,3.2
"id_2720",5,5
"id_2721",3.8,4.2
"id_2722",4,4.4
"id_2723",3.2,4.3
"id_2724",6,NA
"id_2725",5.4,5.4
"id_2726",4,4.6
"id_2727",2.8,4
"id_2728",5.2,5.1
"id_2729",4,4.8
"id_2730",3.2,3.5
"id_2731",5,4.8
"id_2732",2,2.8
"id_2733",3.6,4.6
"id_2734",4.8,4.4
"id_2735",3.6,4
"id_2736",4.4,4.3
"id_2737",4.6,5
"id_2738",2.8,3.4
"id_2739",4.4,4.9
"id_2740",3.8,4.1
"id_2741",3.8,4.1
"id_2742",4.2,4.2
"id_2743",3.8,4.6
"id_2744",4.8,NA
"id_2745",6,6
"id_2746",3.6,4.8
"id_2747",5,5.5
"id_2748",1.2,3.1
"id_2749",4.4,3.9
"id_2750",2.4,3
"id_2751",4,3.8
"id_2752",3.2,3.8
"id_2753",4.2,4.5
"id_2754",4.8,5.3
"id_2755",2.6,3.4
"id_2756",4.4,4.1
"id_2757",2.4,3.1
"id_2758",3.6,3.8
"id_2759",2.8,NA
"id_2760",4.4,4.2
"id_2761",3.4,4.2
"id_2762",5,NA
"id_2763",4.4,4.7
"id_2764",2.6,3.8
"id_2765",1.2,2.3
"id_2766",4.2,4.8
"id_2767",3.4,3.4
"id_2768",3.8,3.5
"id_2769",3.4,3.8
"id_2770",3.4,4.3
"id_2771",4,4.8
"id_2772",4,3.8
"id_2773",4.2,4.5
"id_2774",2.2,3.4
"id_2775",4.2,4
"id_2776",3.8,4
"id_2777",6,5.9
"id_2778",4.8,5.2
"id_2779",4,4.7
"id_2780",5,4.6
"id_2781",1,3.4
"id_2782",5.2,5.2
"id_2783",NA,NA
"id_2784",5.4,5.3
"id_2785",2.6,4
"id_2786",5.8,5.7
"id_2787",3.2,4.3
"id_2788",5.2,5.2
"id_2789",4.4,4.6
"id_2790",4.8,4.2
"id_2791",3,3.7
"id_2792",3.4,3.5
"id_2793",4.6,4.1
"id_2794",2.4,3.8
"id_2795",4.4,5
"id_2796",5,5.5
"id_2797",4.2,4.5
"id_2798",5,5
"id_2799",4.6,4.9
"id_2800",2.6,3.6
